Headline,Source,Posted,Description,Link
Full Details of iPhone 12 Lineup Allegedly Leaked Ahead of Next...,www.macrumors.com/2020/10/09/full-details-of-iphone-12...,2020-10-09,"2020-10-09 ·  Launch date: November 20/21. According to the leak, all four ‌iPhone 12‌ models will have OLED Super Retina XDR displays and a new hardened ""Ceramic Shield"" glass screen, and all are capable ...",www.macrumors.com/2020/10/09/full-details-of-iphone-12...
Alleged 'iPhone 12' designs leaked – revealing top-secret 5G...,www.thesun.co.uk/tech/11868418/iphone-12-design-leak-5g...,2020-06-15,2020-06-15 ·  APPLE'S top-secret iPhone 12 designs may have been leaked months ahead of their official reveal. An insider has leaked images of alleged iPhone 12 designs used to create the phone's exterior. 8...,www.thesun.co.uk/tech/11868418/iphone-12-design-leak-5g...
iPhone 12: Apple appears to leak its own new phone and Apple TV...,www.independent.co.uk/life-style/gadgets-and-tech/iphone...,2020-10-13,2020-10-13 ·  iPhone 12: Apple appears to leak its own new phone and Apple TV in iCloud update Four new iPhones and a new Apple TV are expected to be launched today Adam Smith @adamndsmith,www.independent.co.uk/life-style/gadgets-and-tech/iphone...
iPhone 12 Family Shots Leaked: Simply Paying Tribute to iPhone 4,www.gizchina.com/2020/08/18/iphone-12-family-shots-leaked...,2020-08-18,"2020-08-18 ·  iPhone 12 Family Shots Leaked: Simply Paying Tribute to iPhone 4 September is not far away. So it’s logical that every day we are getting news concerning the parameters, features, prices and even...",www.gizchina.com/2020/08/18/iphone-12-family-shots-leaked...
"Apple Loop: New iPhone 12 Leaks, Serious iPhone 11 Problems, How...",www.forbes.com/sites/ewanspence/2019/10/11/apple-news...,2019-10-11,"2019-10-11 ·  According to TF International Securities analyst Ming-Chi Kuo, who happens to be the most plugged-in Apple insider on the planet, next year’s new iPhone 12 and iPhone 12 Pro phones will feature a...",www.forbes.com/sites/ewanspence/2019/10/11/apple-news...
"Leaked Photos Allegedly Show iPhone 12 Glass Back, Camera Module...",www.iphoneincanada.ca/news/iphone-12-layout,2020-09-01,"2020-09-01 ·  Anticipated to launch either in September or October, the iPhone 12 range is thought to consist of four models, with the “iPhone 12” and “Max” versions expected to have 6.1-inch and 5.4-inch OLED displays, while the “iPhone 12 Pro” and “iPhone 12 Pro” will have 6.1-inch and 6.7-inch versions with 120Hz ProMotion support and a 10-bit color depth.",www.iphoneincanada.ca/news/iphone-12-layout
Leaked iPhone 12 Pro Max Upgrades May Anger iPhone 12 Pro Buyers,www.forbes.com/sites/gordonkelly/2020/10/01/apple-iphone...,2020-10-01,"2020-10-01 ·  Earlier this week, popular YouTuber Filip Koroy (aka EverythingApplePro) and prolific leaker Max Weinbach combined to reveal Apple is set to give the iPhone 12 Pro Max significantly more features...",www.forbes.com/sites/gordonkelly/2020/10/01/apple-iphone...
iPhone 12 prices and specs just leaked for all four models |...,www.tomsguide.com/news/iphone-12-prices-and-specs-just...,2020-08-31,"2020-08-31 ·  Prices for the iPhone 12 would start at $999 for 128GB and go all the way up to $1,299 for 512GB. Last but not least, the iPhone 12 Pro Max would share all the same specs as the iPhone 12 Pro but...",www.tomsguide.com/news/iphone-12-prices-and-specs-just...
iPhone 12 Pro leaked in new hands-on video: Watch video |...,www.indiatvnews.com/technology/news-apple-iphone-12-pro...,,"Leaked iPhone 12 Pro Apple is quite near to the unveiling of the 2020 iPhone 12 lineup, which could either arrive next month or at the Cupertino major's September 15 event, scheduled to take place...",www.indiatvnews.com/technology/news-apple-iphone-12-pro...
iPhone 12 prices leaked for every model and storage size | ...,www.techradar.com/news/iphone-12-prices-leaked-for-every...,,"The iPhone 12 range is likely landing very soon, but ahead of that plenty of details have leaked, including most recently pricing information for every model. There’s some disagreement here ...",www.techradar.com/news/iphone-12-prices-leaked-for-every...
Apple’s leaked iPhone 12 design looks stunning in these new...,bgr.com/2020/05/04/iphone-12-release-date-soon-leaked...,2020-05-04,"2020-05-04 ·  Apple’s final iPhone 12 and iPhone 12 Pro designs recently leaked, and now a new series of images shows us what the handsets are believed to look like. Visit BGR’s homepage for more stories .",bgr.com/2020/05/04/iphone-12-release-date-soon-leaked...
Leaked Images Purportedly Show 5.4-Inch 'iPhone 12' Display | ...,www.iphoneincanada.ca/news/iphone-12-weibo,2020-07-27,"2020-07-27 ·  Real-life images of the 5.4-inch iPhone 12 display have been leaked, giving us our first look at the smallest next-generation iPhone. Brought to us by Weibo user Digital Chat Station (via MacRumors ), the images show how the upcoming smaller iPhone that manages to have both a larger display and smaller overall size than the iPhone SE 2020.",www.iphoneincanada.ca/news/iphone-12-weibo
Small new 'iPhone Mini' leaked – as experts warn new iPhone 12...,www.the-sun.com/lifestyle/tech/1565631/iphone-12-mini-leak...,2020-10-01,"2020-10-01 ·  Small new ‘iPhone Mini’ leaked – as experts warn new iPhone 12 will cost £100 more than current model . Harry Pettit; Oct 1 2020, 12:26 ET; APPLE is working on a ""mini"" version of its new iPhone, according to reports. The palm-sized mobile is one o ...",www.the-sun.com/lifestyle/tech/1565631/iphone-12-mini-leak...
iPhone 12 prices leaked online - one week before rumoured launch...,www.mirror.co.uk/tech/iphone-12-prices-leaked-online-22793419,2020-10-05,2020-10-05 ·  iPhone 12 launch event date leaked - and it suggests there's not long to wait; Read More Related Articles. iPhone 12 could be first Apple smartphone with no headphones or charging plug in the box ...,www.mirror.co.uk/tech/iphone-12-prices-leaked-online-22793419
"iPhone 12 leak: CAD-based renders show design, 120Hz screens and...",www.gsmarena.com/iphone_12_leaks_cadbased_renders_show...,2020-05-11,"2020-05-11 ·  New CAD schematics for the upcoming iPhone 12 series have leaked, allowing the team at EverythingApplePro to create accurate 3D renders. They show that the new iOS flagships will have an iPad Pro ...",www.gsmarena.com/iphone_12_leaks_cadbased_renders_show...
iPhone 13 camera upgrades leaked — and now I'm OK with skipping...,www.tomsguide.com/news/iphone-13-camera-upgrades-leaked...,,iPhone 13 camera upgrades leaked — and now I'm OK with skipping the iPhone 12. By Henry T. Casey 05 December 2020. The iPhone 13 Pro phones are getting serious camera hardware upgrades based on ...,www.tomsguide.com/news/iphone-13-camera-upgrades-leaked...
"iPhone 12 Leaked in Black, White, Red, Green Blue [Images] -...",www.iclarified.com/77963,2020-10-13,"2020-10-13 ·  Apple's new iPhone 12 has been leaked in five colors including black, white, red, green, and blue. The iPhone 12 is said to have a 6.1-inch display. What appear to be press images of the device ...",www.iclarified.com/77963
Details for the Entire iPhone 12 Lineup Have Leaked | Digital...,www.digitaltrends.com/apple/iphone-12-specs-price-leak-apple,2020-05-11,2020-05-11 ·  Details of Apple’s iPhone 12 and iPhone 12 Pro have been leaked — with prices that will be notably cheaper than the last generation.. Prominent leaker Jon Prosser published a video on Monday ...,www.digitaltrends.com/apple/iphone-12-specs-price-leak-apple
iPhone 12's glass back shows camera layout in new leaked photos |...,www.imore.com/iphone-12s-glass-back-shows-camera-layout...,2020-09-01,2020-09-01 ·  New leaked images could reveal the iPhone 12's glass back. They come from Twitter leaker Mr. White. It has been suggested they reveal cutouts for a LiDAR scanner and three lenses. New images from Twitter leaker Mr. White could be our first look at the iPh ...,www.imore.com/iphone-12s-glass-back-shows-camera-layout...
New iPhone 12 mini leaked in name and size - SlashGear,www.slashgear.com/new-iphone-12-mini-leaked-in-name-and...,2020-09-21,"2020-09-21 ·  New iPhone 12 mini leaked in name and size Chris Burns - Sep 21, 2020, 3:49pm CDT Today we’re taking a peek at the full October 2020 iPhone lineup from Apple, thanks to a series of leaks from a ...",www.slashgear.com/new-iphone-12-mini-leaked-in-name-and...
Apple IPhone 12 Prices Leaked Before October Launch; Here Are All...,www.moneycontrol.com/news/technology/apple-iphone-12...,,"Apple iPhone 12 prices leaked before October launch; here are all the details The smallest rumoured version, the iPhone 12 mini may start at $649 (Rs 47,600) while the iPhone 12 Pro Max, the top ...",www.moneycontrol.com/news/technology/apple-iphone-12...
Apple iPhone 12 Launch Date ‘Leaked’ - Tech In Africa,www.techinafrica.com/apple-iphone-12-launch-date-leaked,,Good news for South Africans who love Apple as the company will launch the new iPhone 12 series on December 18. This statement is following,www.techinafrica.com/apple-iphone-12-launch-date-leaked
"First Apple iPhone 13 Leaks Reveal Smaller Notch, ProMotion...",www.forbes.com/sites/gordonkelly/2020/10/10/apple-iphone...,2020-10-10,"2020-10-10 ·  Apple iPhone concept render with narrower notch. Hasan Kaymak Innovations. A further inevitable benefit will be 5G. While the iPhone 12 line-up all have 5G, speeds will be limited outside the US ...",www.forbes.com/sites/gordonkelly/2020/10/10/apple-iphone...
Is The iPhone 12 Worth It? Let’s Investigate ALL The Updates…,www.knowyourmobile.com/news/iphone-12-specs-release-date-leaks,2020-10-30,"2020-10-30 ·  Entire iPhone 12 Range Leaked – Four Models, All OLED + 5G… John Prosser has done it again. The YouTuber has now revealed basically EVERYTHING about Apple’s incoming iPhone 12 range, confirming there will be four models in total, two mid-tier option ...",www.knowyourmobile.com/news/iphone-12-specs-release-date-leaks
Apple’s iPhone 12 lineup leaks in full ahead of event - The Verge,www.theverge.com/2020/10/13/21514114/apple-iphone-12...,2020-10-13,"2020-10-13 ·  Apple’s iPhone 12, 12 mini, 12 Pro, and 12 Pro Max have leaked ahead of the official announcement set for later today, revealing the new blue colors, a look at the 12 Pro lineup’s LIDAR ...",www.theverge.com/2020/10/13/21514114/apple-iphone-12...
"May 2020 in review: iPhone 12 leaked, MacBook Pro 13-inch gets...",appleinsider.com/articles/20/05/31/may-2020-in-review-at...,,"May 2020 in review: iPhone 12 leaked, MacBook Pro 13-inch gets the new keyboard. By William Gallagher | 1 week ago. 1 week ago 0 Comments. Facebook. Twitter. Reddit . We were used to being in ...",appleinsider.com/articles/20/05/31/may-2020-in-review-at...
iPhone 12 leaked dummies hint at three screen sizes and more ...,indianexpress.com/article/technology/tech-news-technology/...,2020-06-23,"2020-06-23 ·  iPhone 12 leaked dummies hint at three screen sizes and more Similar to the previous leaks, iPhone 12 is set to have a flat-edge, box-type design revisiting the iPhone 4. As per the dummies shared by Dickson, the camera bumps are almost the same as the iPhone 11 lineup.",indianexpress.com/article/technology/tech-news-technology/...
"iPhone 12 series, Apple HomePod Mini photos leak hours before...",www.nextpit.com/iphone-12-leaked,,"The shape of the new iPhone 12 has also changed. While the iPhone 11 has a more rounded shape, the curves of the new iPhone 12 are flatter. While we cannot make this out from the leaked pictures, chances are high the stainless steel frame could also be flattened. Here's what we know about the iPhone 12; Chances are high the iPhone 12 Pro will ...",www.nextpit.com/iphone-12-leaked
"'iPhone 12' lineup leaked, 'AirPods Studio,' and Shortcuts...",appleinsider.com/articles/20/05/15/iphone-12-lineup-leaked...,,"Your hosts discuss the ""iPhone 12"" leaks, ""AirPods Studio"" rumors, Wesley Hilliard's iPad-only workflow, and we go through some of our most-used Shortcuts, on the AppleInsider Podcast.",appleinsider.com/articles/20/05/15/iphone-12-lineup-leaked...
iPhone 12 leaked dummy units hint at three screen sizes ... -...,www.indiatvnews.com/technology/news-apple-iphone-12-leaks...,,"iPhone 12 leaked dummy units hint at three screen sizes, iPad Pro-like design Apple's 2020 iPhone 12 iteration is expected to support 5G, 120Hz display, improved cameras and more",www.indiatvnews.com/technology/news-apple-iphone-12-leaks...
Leaked iPhone 12 schematics suggest phones will have much smaller...,www.dailymail.co.uk/sciencetech/article-8238581/Leaked...,2020-04-20,"2020-04-20 ·  A pair of leaked schematics suggest that Apple's upcoming iPhone 12 will fall just short of eliminating a camera 'notch' on the phone's display.. The pictures, posted on Twitter by frequent phone ...",www.dailymail.co.uk/sciencetech/article-8238581/Leaked...
Apple iPhone 12 leaked ahead of official announcement -...,mspoweruser.com/apple-iphone-12-leaked-ahead-of-official,2020-10-13,"2020-10-13 ·  Apple is expected to reveal four new iPhones at its virtual press event later today. Now, the official product renders of the upcoming Apple iPhone 12 got leaked ahead of the official announcement. As you can see from the images, the iPhone 12 will be available in Black, Blue, Green, Red, and White colors.",mspoweruser.com/apple-iphone-12-leaked-ahead-of-official
"iPhone 12 prices leaked, no special charge for 5G | NoypiGeeks",www.noypigeeks.com/tech-news/iphone-12-prices-leaked,2020-05-02,"2020-05-02 ·  The vanilla iPhone 12 will come in two flavors for those who miss the iPhone 8 and 8 Plus. The new and smaller iPhone 12 5.4-inches will retail for USD649 (~Php32,800). Still cheaper than the new iPhone SE 2020. Meanwhile, the iPhone 12 Plus 6.1-inch model will be at USD749. This should be the successor to the iPhone 11 that’s available in ...",www.noypigeeks.com/tech-news/iphone-12-prices-leaked
Full iPhone 12 Lineup Leaked Ahead of Official Launch,news.softpedia.com/news/full-iphone-12-lineup-leaked-ahead...,2020-10-09,"2020-10-09 ·  Apple is projected to take the wraps off the iPhone 12 in just a few days, and just as expected, more information on the new models leaked through unofficial channels.",news.softpedia.com/news/full-iphone-12-lineup-leaked-ahead...
"Apple Breakfast: iPhone 12 specs leaked, Apple's VR acquisition &...",www.macworld.co.uk/news/apple-breakfast-iphone-12-specs...,,"The iPhone 12's entire specs list just got leaked online. There will be four models, two new screen sizes, more storage, more RAM and the biggest ever battery on an Apple handset.",www.macworld.co.uk/news/apple-breakfast-iphone-12-specs...
"Free AirPods With iPhones, iPhone 12 Prices Leaked With Full...",trak.in/tags/business/2020/10/10/free-airpods-with-iphones...,2020-10-10,2020-10-10 ·  Free AirPods with iPhones. iPhone 12 prices have been leaked alongside full specs and the number of iPhone 12 variants. iPhone 12 launch invites are out. The ‘special Apple event’ is on ...,trak.in/tags/business/2020/10/10/free-airpods-with-iphones...
